{"cameraMode":{"drawMode":0,"name":"Shaded","section":"Shading Mode"},"sceneLighting":false,"audioPlay":false,"sceneViewState":{"m_AlwaysRefresh":false,"showFog":false,"showSkybox":false,"showFlares":false,"showImageEffects":false,"showParticleSystems":false,"showVisualEffectGraphs":true,"m_FxEnabled":false},"in2DMode":false,"pivot":{"x":-0.17551656067371369,"y":1.301783561706543,"z":1.4546068906784058},"rotation":{"x":0.0033975017722696068,"y":-0.9492444396018982,"z":0.31436824798583987,"w":0.010243475437164307},"size":0.8114142417907715,"orthographic":false}