{"cameraMode":{"drawMode":0,"name":"Shaded","section":"Shading Mode"},"sceneLighting":false,"audioPlay":false,"sceneViewState":{"m_AlwaysRefresh":false,"showFog":true,"showSkybox":false,"showFlares":true,"showImageEffects":true,"showParticleSystems":true,"showVisualEffectGraphs":true,"m_FxEnabled":false},"in2DMode":false,"pivot":{"x":-2.4100000858306886,"y":0.09171819686889649,"z":-1.6257150173187256},"rotation":{"x":-0.2810958921909332,"y":-0.04834439232945442,"z":0.014180253259837628,"w":-0.9583515524864197},"size":0.42090022563934328,"orthographic":false}