{"cameraMode":{"drawMode":0,"name":"Shaded","section":"Shading Mode"},"sceneLighting":false,"audioPlay":false,"sceneViewState":{"m_AlwaysRefresh":false,"showFog":true,"showSkybox":false,"showFlares":true,"showImageEffects":true,"showParticleSystems":true,"showVisualEffectGraphs":true,"m_FxEnabled":false},"in2DMode":false,"pivot":{"x":0.018479853868484498,"y":0.0444776713848114,"z":0.262600839138031},"rotation":{"x":0.34503406286239626,"y":-0.0983019471168518,"z":0.0363629125058651,"w":0.9327189326286316},"size":1.671416163444519,"orthographic":false}