{"cameraMode":{"drawMode":0,"name":"Shaded","section":"Shading Mode"},"sceneLighting":false,"audioPlay":false,"sceneViewState":{"m_AlwaysRefresh":false,"showFog":true,"showSkybox":false,"showFlares":true,"showImageEffects":true,"showParticleSystems":true,"showVisualEffectGraphs":true,"m_FxEnabled":false},"in2DMode":false,"pivot":{"x":0.0000034570693969726564,"y":1.8066809177398682,"z":0.04153609275817871},"rotation":{"x":-0.000678190088365227,"y":-0.9954854846000671,"z":0.09466489404439926,"w":-0.007175649981945753},"size":2.701749324798584,"orthographic":false}