{"cameraMode":{"drawMode":0,"name":"Shaded","section":"Shading Mode"},"sceneLighting":false,"audioPlay":false,"sceneViewState":{"m_AlwaysRefresh":false,"showFog":true,"showSkybox":false,"showFlares":true,"showImageEffects":true,"showParticleSystems":true,"showVisualEffectGraphs":true,"m_FxEnabled":false},"in2DMode":false,"pivot":{"x":-0.1597604602575302,"y":1.7194992303848267,"z":1.5493205785751343},"rotation":{"x":-0.11005589365959168,"y":-0.8776534795761108,"z":0.39859694242477419,"w":-0.2423248142004013},"size":1.1125009059906006,"orthographic":false}